date,btc_monthly_price,btc_open,btc_high,btc_low,btc_close,btc_volume,tot_for_purch_us_sec,tot_for_sale_us_sec,net_tot_for_purch_us_sec,net_tot_priv_for_purch_us_sec,net_priv_for_purch_us_treas_bond_note,net_priv_for_purch_us_gov_agcy_bond,net_priv_for_purch_us_corp_bond,net_priv_for_purch_us_equity,net_tot_gov_for_purch_us_sec,net_gov_for_purch_us_treas_bond_note,net_gov_for_purch_us_gov_agcy_bond,net_gov_for_purch_us_corp_bond,net_gov_for_purch_us_equity,tot_dom_sale_for_sec,tot_dom_purch_for_sec,net_dom_purch_for_sec,net_dom_purch_for_bond,net_dom_purch_for_equity,net_for_purch_dom_longterm_sec,net_for_purch_us_t_bills_custodial,tot_for_hold_us_t_bills,tot_priv_for_hold_us_t_bills,tot_gov_for_hold_us_t_bills,tot_month_change_dom_bank_liab_for_inflow,month_change_bank_liab_priv_for_inflow,month_change_bank_liab_gov_for_inflow,month_change_bank_liab_all_for_inflow,cpi_u,gold_price,sp500_open,sp500_high,sp500_low,sp500_close,sp500_volume,usdx_close,usdx_open,usdx_high,usdx_low,10yr_bond_close,10yr_bond_open,10yr_bond_high,10yr_bond_low,10yr_bond_pct_change
2024-Jul,62753.14,62673.60634,69987.54221,53717.37543,64619.24965,9.35E+11,5513140,5378391,134749,162040,88099,9244,28433,36264,-27291,-32190,-5026,2428,7497,1601394,1600751,643,4252,-3609,135392,14336,16152,12827,3325,6751,156479,141829,14650,314.54,2398.2,5471.08,5669.67,5390.95,5522.3,80160390000,101.624,103.845,104.235,100.4,4.033,4.412,4.493,4.031,-0.0817
2024-Jun,65995.4,67489.61178,71907.84898,58601.70007,62678.29208,1.08E+12,5178803,5062438,116365,104724,18080,10587,16550,59507,11641,-6436,-3496,1179,20394,1526226,1562054,-35828,-29030,-6798,80537,-38852,6169,-7256,13425,50266,91951,65625,26326,314.175,2326.44,5297.15,5523.64,5234.32,5460.48,76025620000,103.859,105.395,105.74,103.34,4.392,4.493,4.501,4.188,-0.0245
2024-May,65154.09,60609.49795,71946.46269,56555.29405,67491.41701,9.53E+11,5265175,5281259,-16084,-17036,50453,-9815,8009,-65683,952,-6040,-3705,5846,4851,1539383,1577265,-37882,-23073,-14809,-53966,4669,-9801,-1928,-7873,65499,16202,7651,8551,314.069,2351.13,5029.03,5341.88,5011.05,5277.51,86849720000,105.545,104.565,105.805,103.48,4.503,4.682,4.694,4.313,-0.0383
2024-Apr,65933.07,71333.48472,72715.35961,59120.06805,60636.85678,7.52E+11,5100645,4944463,156182,124736,36389,-773,22165,66955,31446,38717,-6373,1891,-2789,1491694,1528075,-36381,-27505,-8876,119801,-3314,-12570,-8328,-4242,-55916,60571,39052,21519,313.548,2331.45,5257.97,5263.95,4953.56,5035.69,81747170000,104.627,106.21,106.38,103.965,4.682,4.19,4.739,4.188,0.1131
2024-Mar,67470.05,61168.06243,73750.07385,59323.90894,71333.64793,8.74E+11,5129838,4935980,193858,160009,12725,11165,47230,88889,33849,30710,-10186,4701,8624,1462230,1543227,-80997,-38258,-42739,112861,-22801,1547,879,668,26217,116277,36897,79380,312.332,2158.01,5098.51,5264.85,5056.82,5254.35,86299510000,106.1,104.25,106.325,103.645,4.206,4.254,4.348,4.038,-0.0113
2024-Feb,49545.54,42569.7614,63913.13181,41879.18999,61198.3829,1.02E+12,4822729,4694652,128077,109506,70087,5401,40203,-6185,18571,15515,-5228,3742,4542,1254426,1326181,-71755,-40583,-31172,56322,33570,34186,18211,15975,-32388,57504,51654,5850,310.326,2023.24,4861.11,5111.06,4853.52,5096.27,82066930000,104.269,104.06,104.45,102.3,4.254,3.931,4.354,3.816,0.0858
2024-Jan,42897.41,42280.23528,48969.3714,38521.89389,42582.60639,1.45E+12,4425599,4359247,66352,52548,42308,12519,17424,-19703,13804,6918,-513,6122,1277,1322657,1367581,-44924,-42299,-2625,21428,-31979,-27832,-28177,345,-18115,-28666,-56416,27750,308.417,2034.04,4745.2,4931.09,4682.11,4845.65,81737880000,104.098,103.38,104.875,102.735,3.918,3.899,4.198,3.881,0.0135
2023-Dec,42456.55,37718.00963,44705.51501,37629.35891,42265.18565,8.31E+11,4279654,4156986,122668,85190,-3016,5451,22137,60618,37478,24172,-818,2069,12055,1249075,1228760,20315,-194,20509,142983,-842,18042,14050,3992,-20532,121609,78702,42907,306.746,2026.18,4559.43,4793.3,4546.5,4769.83,81530670000,103.089,101.065,103.64,101.03,3.866,4.321,4.349,3.783,-0.1072
2023-Nov,36535.34,34657.27532,38415.3382,34133.43962,37712.74777,8.26E+11,4435039,4310858,124181,158647,106995,20990,31420,-758,-34466,-32329,-4551,2713,-299,995878,1018931,-23053,-9564,-13489,101128,33528,29224,18034,11190,88381,223037,208635,14402,307.051,1984.11,4201.27,4587.64,4197.74,4567.8,80970570000,101.029,103.29,104.265,100.32,4.33,4.926,4.935,4.247,-0.121
2023-Oct,29664.79,26967.39743,35150.4335,26558.32078,34667.77936,7.22E+11,4305204,4348934,-43730,-19593,47800,330,978,-68701,-24137,-20091,5499,1814,-11359,1012491,994237,18254,-9441,27695,-25476,-69799,-25500,-25814,314,10621,-84654,-71383,-13271,307.671,1916.25,4284.52,4393.57,4103.78,4193.8,83519460000,103.428,106.53,106.985,102.38,4.926,4.614,5.021,4.53,0.0758
2023-Sep,26298.13,25934.02081,27488.7638,24930.29749,26967.9163,5.71E+11,4197842,4182718,15124,13560,-13008,22377,15474,-11283,1564,15721,247,822,-15226,984615,984092,523,-234,757,15647,-25102,24656,27949,-3293,-33668,-43123,-30881,-12242,307.789,1915.95,4530.6,4541.25,4238.63,4288.05,73482980000,106.494,105.88,107.05,105.155,4.579,4.114,4.688,4.06,0.1152
2023-Aug,27883.73,29230.8724,30176.79624,25409.1116,25931.47289,4.76E+11,4637134,4552938,84196,78740,22336,12974,45669,-2239,5456,-5347,1119,7394,2290,974079,971190,2889,91,2798,87085,32741,39036,37843,1193,27033,146859,152764,-5905,307.026,1918.7,4578.83,4584.62,4335.31,4507.66,86840820000,105.815,103.585,106.54,103.215,4.106,3.965,4.366,3.949,0.0351
2023-Jul,30089.19,30471.84756,31814.51481,28934.29416,29230.11088,3.38E+11,4319300,4269591,49709,62998,23066,7226,13224,19482,-13289,-23468,1756,407,8016,845273,883729,-38456,-5494,-32962,11253,74187,34954,18735,16219,47250,132690,136054,-3364,305.691,1951.02,4450.48,4607.07,4385.05,4588.96,75063200000,103.587,101.66,104.385,101.55,3.967,3.845,4.094,3.727,0.0329
2023-Jun,27719.01,27218.41238,31389.53813,24797.16785,30477.25128,4.38E+11,4676942,4437254,239688,182758,34823,15046,26592,106297,56930,26055,12360,1329,17186,985655,1034853,-49198,-13295,-35903,190490,-34479,62219,76286,-14067,-61124,94887,89688,5199,305.109,1942.9,4183.03,4458.48,4171.64,4450.38,87983140000,101.626,102.645,103.275,99.22,3.841,3.639,3.892,3.57,0.0533
2023-May,27516.03,29227.10398,29820.12662,25878.42883,27219.65861,3.82E+11,4334646,4279430,55216,17152,7899,4450,41574,-36771,38064,26831,5553,2108,3572,945392,981777,-36385,-30886,-5499,18831,-57602,-17712,-20787,3075,-129463,-168234,-165142,-3092,304.127,1992.13,4166.79,4231.1,4048.28,4179.83,88929200000,102.587,104.105,104.44,101.485,3.646,3.45,3.859,3.296,0.0621
2023-Apr,28845.48,28473.3318,31005.60804,27070.8495,29268.80704,4.82E+11,3727042,3644958,82084,46015,65617,11025,9678,-40305,36069,35462,1374,-471,-296,912077,901699,10378,9161,1217,92462,-14108,-44880,-23955,-20925,-66397,11957,-31775,43732,303.363,1999.77,4102.2,4170.06,4049.35,4169.48,70861260000,104.245,101.405,104.615,100.52,3.433,3.524,3.639,3.253,-0.0115
2023-Mar,25041.2,23150.92996,29159.90262,19628.25431,28478.48461,4.43E+11,4917607,4775538,142069,109501,52437,5293,30958,20813,32568,5217,14034,6433,6884,1342541,1310561,31980,-7042,39022,173786,-5828,-3164,1504,-4668,-69033,98925,73136,25789,301.836,1912.73,3963.34,4110.75,3808.86,4109.31,1.13E+11,101.403,102.27,102.745,100.42,3.473,3.938,4.091,3.285,-0.1157
2023-Feb,23309.5,23137.83514,25134.11735,21460.0885,23147.35339,5.31E+11,3930130,3773601,156529,94323,26455,10687,39699,17482,62206,47409,2609,-915,13103,1114772,1123854,-9082,-23703,14621,147449,-32570,25544,18202,7342,-12781,102098,28864,73233,300.84,1854.54,4070.07,4195.44,3943.08,3970.15,80392280000,102.186,104.985,105.87,101.555,3.928,3.516,3.983,3.333,0.1189
2023-Jan,20153.14,16547.9144,23919.88976,16521.23343,23139.28391,8.83E+11,4128668,4098009,30659,83966,96027,4927,3075,-20063,-53307,-46148,952,-653,-7458,2471251,2471119,132,8121,-7989,21694,-4423,-9747,-20630,10883,169679,186950,170970,15980,299.17,1897.71,3853.29,4094.21,3794.33,4076.6,80763810000,104.825,101.925,105.32,100.68,3.51,3.848,3.848,3.321,-0.0949
2022-Dec,16957.88,17168.00214,18318.53058,16398.13625,16547.49537,7.24E+11,4054554,3951270,103284,102273,22404,12558,13798,53513,1011,-2426,1389,581,1467,2150561,2101090,49471,29649,19822,142945,58694,44064,22514,21550,-169440,32199,39046,-6847,296.797,1797.55,4087.14,4100.96,3764.49,3839.5,85249330000,101.915,103.445,105.5,101.265,3.879,3.62,3.905,3.402,0.0741
2022-Nov,17648.85,20494.89762,21446.8861,15599.04718,17168.56555,6.91E+11,4502909,4362287,140622,152807,67234,17830,21084,46659,-12185,-13025,4167,425,-3752,2434289,2403395,30894,28613,2281,165278,-1037,4688,-8660,13348,63208,227449,222335,5115,297.711,1725.07,3901.79,4080.11,3698.15,4080.11,92671910000,103.269,105.57,105.86,103.145,3.611,4.058,4.243,3.6,-0.1084
2022-Oct,19629.41,19431.10495,20988.39447,18319.82263,20495.77423,5.67E+11,4517397,4453717,63680,72003,85780,12714,2330,-28821,-8323,-23873,11533,-435,4452,2171834,2167676,4158,10960,-6802,50725,3846,-18374,-2182,-16192,122639,177210,159643,17567,298.012,1664.45,3609.78,3905.42,3491.58,3871.98,95823760000,105.897,111.44,113.045,105.155,4.05,3.813,4.338,3.562,0.0578
2022-Sep,19798.14,20050.49867,22673.81977,18290.31519,19431.78945,1.22E+12,4809181,4715789,93392,116384,97971,14871,7415,-3873,-22992,-37541,13397,-1892,3044,2465692,2441427,24265,11649,12616,104373,-9109,-9463,992,-10455,-60397,34866,46359,-11492,296.808,1680.78,3936.73,4119.28,3584.13,3585.62,94241020000,111.42,112.15,113.85,109.365,3.829,3.198,4.019,3.174,0.1978
2022-Aug,22446.08,23336.71805,25135.5904,19600.78503,20049.76319,9.58E+11,5152870,4977069,175801,185579,182851,12815,8298,-18385,-9778,-7689,5714,1206,-9009,2302288,2279821,22467,23563,-1096,186659,52884,45023,48576,-3553,35625,275168,285217,-10049,296.171,1764.56,4112.38,4325.28,3954.53,3955,92252350000,112.084,108.825,114.745,107.67,3.196,2.669,3.198,2.516,0.2027
2022-Jul,21483.78,19820.47047,24572.57942,18966.95063,23336.8956,1.12E+12,3970357,3976256,-5899,-12044,25996,12867,6186,-57093,6145,-2977,9750,2598,-3226,2130934,2103708,27226,36138,-8912,6137,56188,-11387,-7067,-4320,122252,184577,155973,28605,296.276,1732.74,3781,4140.15,3721.56,4130.29,81688320000,108.665,105.73,109.445,104.515,2.658,3.024,3.103,2.618,-0.119
2022-Jun,24536.98,31792.55381,31957.28432,17708.62371,19784.72649,8.94E+11,5236469,5165225,71244,66806,65067,17073,11903,-27237,4438,-6169,6645,2089,1873,2207178,2156660,50518,32783,17735,104900,-51715,-17405,-7142,-10263,-87169,-33984,-23285,-10700,296.311,1836.57,4149.78,4177.51,3636.87,3785.38,1.06E+11,105.779,104.515,109.14,104.515,3.017,2.864,3.498,2.833,0.0586
2022-May,31791.46,37713.26509,39902.95021,26350.49017,31792.30994,9.28E+11,5904174,5771715,132459,140778,133936,13951,3166,-10275,-8319,-34072,23332,1296,1125,2285285,2262484,22801,13156,9645,137667,-16852,-74720,-66709,-8011,65757,186572,215731,-29159,292.296,1848.5,4130.61,4307.66,3810.32,4132.15,1.09E+11,104.464,101.77,105.565,101.66,2.849,2.932,3.203,2.706,-0.03
2022-Apr,41565.8,45554.16381,47313.47685,37697.94278,37714.87555,9.24E+11,5064520,5013618,50902,34804,10942,9231,19829,-5198,16098,-12331,27483,2630,-1684,2038437,2001723,36714,29231,7483,67720,-36172,-20836,-17761,-3075,-40133,-8585,-28636,20050,289.109,1936.86,4540.32,4593.45,4124.28,4131.93,90367840000,101.766,103.225,105.065,101.3,2.938,2.352,2.981,2.352,0.2526
2022-Mar,41936.54,43194.50421,48086.83675,37260.20171,45538.67692,1.09E+12,6718867,6698526,20341,29374,81228,10038,28753,-90645,-9033,-32274,22354,4664,-3777,2721912,2718602,3310,7345,-4035,10223,12147,-16426,2230,-18656,95345,117715,130018,-12303,287.504,1947.83,4363.14,4637.3,4157.87,4530.41,1.24E+11,102.963,98.36,103.95,98.345,2.345,1.84,2.557,1.668,0.2874
2022-Feb,40669.51,38481.76537,45661.17314,34459.21773,43193.23403,8.30E+11,5763269,5668664,94605,87207,91566,1615,18637,-24611,7398,-13191,19662,1690,-763,2016399,1966018,50381,35343,15038,159904,59214,27964,16344,11620,-44468,174650,196082,-21433,283.716,1856.3,4519.57,4595.31,4114.65,4373.94,92667710000,98.36,96.81,99.425,96.625,1.822,1.787,2.065,1.739,0.0212
2022-Jan,41175.69,46311.74466,47881.40623,33184.05957,38483.12631,8.31E+11,5743805,5689544,54261,29490,62338,5951,5867,-44666,24771,12281,16683,1769,-5962,1910715,1906390,4325,23215,-18890,33580,66162,9450,-9631,19081,155255,254997,198422,56574,281.148,1816.02,4778.14,4818.62,4222.62,4515.55,95562890000,96.694,96.695,97.735,95.145,1.784,1.531,1.902,1.529,0.1799
2021-Dec,49441.09,56907.96673,59041.68524,42874.61686,46306.44612,6.71E+11,5671456,5594569,76887,77487,53882,-194,-5700,29499,-600,-9680,6444,1685,951,1740567,1702940,37627,32506,5121,85446,46897,11988,3871,8117,-180802,-48459,-43435,-5025,278.802,1790.43,4602.82,4808.93,4495.12,4766.18,92750180000,96.537,95.6,97.44,94.61,1.512,1.477,1.56,1.335,0.0382
2021-Nov,60703.98,61320.44949,68789.62594,53569.76396,57005.42547,9.24E+11,5834183,5730400,103783,127928,97906,11762,9087,9173,-24145,-31851,7789,738,-821,2339995,2305872,34123,27878,6245,105653,54223,12806,20999,-8193,54236,214112,275073,-60961,277.948,1821.76,4610.62,4743.83,4560,4567,88268840000,95.593,95.96,96.895,95.575,1.456,1.575,1.693,1.412,-0.0671
2021-Oct,57616.39,43816.74064,66930.38727,43320.02298,61318.95777,9.57E+11,5082558,5104652,-22094,-46454,-50865,15300,11489,-22378,24360,7343,15960,506,551,2195330,2166169,29161,33297,-4136,-26274,62638,34234,41931,-7697,117027,153391,141478,11913,276.589,1776.85,4317.16,4608.08,4278.94,4605.38,80253600000,96.007,94.12,96.94,93.8,1.561,1.501,1.705,1.453,0.0458
2021-Sep,45939.51,47099.77487,52853.7638,39787.6098,43790.89563,1.05E+12,5324338,5310107,14231,14440,8946,16866,1342,-12714,-209,-7582,5860,-250,1763,2312107,2299688,12419,22078,-9659,-10156,-11557,3929,6506,-2577,15120,-6593,-14725,8131,274.31,1775.14,4528.8,4545.85,4305.91,4307.54,85528860000,94.121,94.32,94.57,93.265,1.492,1.317,1.567,1.26,0.1418
2021-Aug,45593.78,41460.84408,50482.07641,37458.00399,47166.68795,1.15E+12,5273975,5200078,73897,82321,53413,6505,14414,7989,-8424,-20988,11531,389,644,2053201,2047655,5546,18656,-13110,43690,35355,-465,17911,-18376,-14911,64134,81385,-17252,273.567,1785.28,4406.86,4537.36,4367.73,4522.68,80500760000,94.24,92.67,94.52,91.8,1.307,1.237,1.379,1.127,0.0665
2021-Jul,34317.93,35035.98271,42235.54771,29360.95584,41626.19568,1.10E+12,4722545,4736934,-14389,-23308,10398,5952,-10716,-28942,8919,-206,14791,-301,-5365,2281217,2264973,16244,33792,-17548,-34842,66361,-1829,-8731,6902,202538,234057,187530,46527,273.003,1807.84,4300.73,4429.97,4233.13,4395.26,84255620000,92.635,92.15,93.75,91.82,1.226,1.47,1.485,1.128,-0.1651
2021-Jun,35809.1,37293.79237,41295.26857,28893.62166,35040.83725,1.07E+12,5932986,5860345,72641,80856,30063,6934,13271,30588,-8215,-19200,15808,564,-5387,2346138,2307823,38315,30747,7568,76476,20108,38901,65554,-26653,-82650,13934,61677,-47743,271.696,1834.57,4216.52,4302.43,4164.4,4297.5,1.03E+11,92.188,92.355,93.195,91.78,1.468,1.608,1.639,1.354,-0.0713
2021-May,46689.67,57714.66486,59519.35443,30681.49691,37332.85369,8.78E+11,4758035,4798619,-40584,-41856,-77810,15682,17889,2383,1272,-15546,22136,-579,-4739,2170357,2159696,10661,26265,-15604,-61789,-1415,-17925,6170,-24095,151675,88471,92313,-3842,269.195,1850.26,4191.98,4238.04,4056.88,4204.11,88321860000,92.431,89.795,92.44,89.65,1.581,1.631,1.707,1.469,-0.0278
2021-Apr,57154.9,58926.56415,64863.09891,47159.48584,57750.17735,1.19E+12,4848766,4755311,93455,57317,43833,18269,10158,-14943,36138,5739,28518,-10,1891,2342257,2334850,7407,37057,-29650,57939,-49169,-60728,-20342,-40386,80427,89197,84138,5059,267.054,1760.04,3992.78,4218.78,3992.78,4181.17,83124090000,89.993,91.27,91.435,89.515,1.626,1.737,1.753,1.528,-0.0677
2021-Mar,54689.45,45159.50305,61683.86401,45115.09311,58918.83271,1.98E+12,6472004,6264319,207685,141755,71062,2918,39647,28128,65930,47811,10874,3496,3749,2615988,2561735,54253,63084,-8831,220153,-55894,-69073,-23437,-45636,-24824,139435,111066,28369,264.877,1718.23,3842.51,3994.41,3723.34,3972.89,1.22E+11,91.27,93.23,93.365,90.395,1.744,1.395,1.776,1.383,0.2399
2021-Feb,46022.39,33114.57724,58330.57214,32384.22811,45137.77047,1.84E+12,5142569,5149714,-7145,-15087,-60953,18463,13202,14201,7942,-4511,11185,1304,-36,2171889,2160203,11686,8582,3104,-37146,12043,20495,-7670,28165,99568,74465,40484,33981,263.014,1808.17,3731.17,3950.43,3725.62,3811.15,99082320000,93.236,90.9,93.47,90.635,1.407,1.071,1.614,1.06,0.3138
2021-Jan,34581.71,28994.00892,41946.73935,28722.75527,33114.35775,1.68E+12,4614553,4580873,33680,3048,-50288,26071,18516,8749,30632,1274,26105,360,2893,2012077,1955055,57022,34771,22251,49474,-11199,-12237,-29337,17100,49959,88234,17925,70309,261.582,1866.98,3764.61,3870.9,3662.71,3714.24,1.06E+11,90.882,90.545,91.605,89.675,1.071,0.93,1.187,0.906,0.1681
2020-Dec,21811.93,19633.77045,29244.87669,17619.53239,29001.71982,2.27E+12,4492408,4394666,97742,86317,-18416,38982,-12552,78303,11425,-2280,12254,1157,294,1749339,1725687,23652,13359,10293,77069,-23375,3225,13072,-9847,-62844,-9150,-7188,-1962,260.474,1858.42,3645.87,3760.2,3633.4,3756.07,96375680000,90.569,89.87,90.94,89.165,0.916,0.847,0.986,0.834,0.0882
2020-Nov,16526.48,13780.99481,19749.26369,13243.15987,19625.83503,2.15E+12,4077155,3952147,125008,111697,30809,23288,-1790,59390,13311,-21162,30103,2657,1713,2139664,2116424,23240,13194,10046,105953,-1375,12956,17551,-4595,21256,125834,120457,5376,260.229,1866.3,3296.2,3645.99,3279.74,3621.63,1.01E+11,89.894,91.9,91.915,89.475,0.842,0.855,0.975,0.718,-0.0361
2020-Oct,11836.3,10795.25474,14028.21429,10416.6892,13780.9947,1.21E+12,3557607,3526967,30640,-6151,-26095,20691,-21468,20721,36791,6022,28257,-43,2555,2115945,2095514,20431,9540,10891,9146,-10274,-6164,-10092,3928,-14181,-15309,-55762,40452,260.388,1900.27,3385.87,3549.85,3233.94,3269.96,89938980000,91.858,94.095,94.33,91.49,0.874,0.689,0.877,0.653,0.2742
2020-Sep,10666.22,10802.03547,12059.87014,9901.905755,10784.49158,1.14E+12,3835681,3757464,78217,58582,16424,34676,-29937,37419,19635,6107,11572,1211,745,2041576,2010924,30652,23543,7109,68388,-56459,-30333,-16800,-13533,-88998,-77069,-58587,-18482,260.28,1921.92,3507.44,3588.11,3209.45,3363,92310780000,94.042,93.865,94.14,92.46,0.686,0.713,0.731,0.604,-0.0293
2020-Aug,11643.16,11382.78589,13149.69445,11012.41474,10804.94122,1.05E+12,3617744,3584182,33562,7809,-37234,24343,1369,19331,25753,4179,13397,932,7245,1701601,1707351,-5750,-5596,-154,-11786,8004,8079,16627,-8548,82929,79147,61605,17541,259.918,1968.63,3288.26,3514.77,3284.53,3500.31,82466520000,93.927,92.17,94.795,91.725,0.706,0.535,0.789,0.504,0.3251
2020-Jul,9554.063,9145.985055,11415.8639,8977.015635,11323.46642,1.17E+12,3423073,3449217,-26144,-20289,-2070,22217,-55754,15318,-5855,-20717,12226,1409,1227,2001103,1963672,37431,12384,25047,-30272,8865,-1098,-12393,11295,-54374,-75781,-63957,-11824,259.101,1846.51,3105.92,3279.99,3101.17,3271.12,96928130000,92.131,93.39,93.98,91.99,0.533,0.658,0.724,0.52,-0.1894
2020-Jun,9484.572,9463.605662,10199.56497,8975.525855,9137.9934,5.54E+11,4319778,4240941,78837,91863,49521,28532,-17350,31160,-13026,-20633,9488,749,-2630,2058011,2023816,34195,14775,19420,70090,43000,78722,52174,26548,-170270,-57180,-23027,-34153,257.797,1732.22,3038.78,3233.13,2965.66,3100.29,1.31E+11,93.321,97.375,97.615,92.51,0.658,0.64,0.959,0.618,0.0078
2020-May,9250.243,8672.781914,9996.743353,8374.322975,9461.058918,23160469766,3762041,3702944,59097,25510,-46685,-12093,8901,75387,33587,10000,14524,4709,4354,1879961,1820989,58972,33038,25934,107289,87002,80726,56019,24707,-159531,34760,-6684,41443,256.394,1715.91,2869.09,3068.67,2766.64,3044.31,1.07E+11,97.349,98.265,98.335,95.705,0.653,0.63,0.745,0.59,0.0108
2020-Apr,7193.214,6437.319215,9440.650673,6202.373512,8658.55418,15735797744,3765180,3925767,-160587,-115366,-141175,12138,9128,4543,-45221,-46386,9005,2180,-10020,1948314,1922616,25698,9223,16475,-167118,214264,151692,103900,47792,83903,131049,118026,13023,256.389,1683.17,2498.08,2954.86,2447.49,2912.43,1.24E+11,98.341,99.13,100.605,97.935,0.646,0.663,0.785,0.543,-0.0334
2020-Mar,6904.256,8599.758344,9167.695796,4106.98075,6438.644766,27773290299,6376369,6618293,-241924,-212471,-249590,38721,-772,-830,-29453,-61203,22767,5686,3297,2433028,2319206,113822,113019,803,-149323,-9622,-7945,14913,-22858,473842,314897,306510,8387,258.115,1591.93,2974.28,3136.72,2191.86,2584.59,1.62E+11,99.028,99.025,101.03,98.815,0.668,1.105,1.283,0.318,-0.4259
2020-Feb,9637.884,9346.357628,10457.6272,8492.932153,8599.50862,66964629541,4134624,4100654,33970,13082,5515,17966,-21600,11201,20888,-2374,21463,1317,482,1487830,1475477,12353,9196,3157,22050,15235,31705,20445,11260,-50921,-13636,-25605,11969,258.678,1597.1,3235.66,3393.52,2855.84,2954.22,84436590000,99.092,97.985,103.96,94.61,1.163,1.514,1.684,1.116,-0.2271
2020-Jan,8350.384,7194.891971,9553.126133,6914.995908,9350.529365,32786468812,3897648,3863746,33902,32560,46079,14762,-31234,2953,1342,-18678,17500,-319,2839,1698261,1710683,-12422,7495,-19917,-2873,2455,-10308,-36561,26253,121602,121184,79312,41871,257.971,1560.67,3244.67,3337.77,3214.64,3225.52,77287980000,98.081,97.245,99.815,97.23,1.505,1.919,1.946,1.503,-0.2158
2019-Dec,7291.688,7571.616194,7743.431725,6540.049277,7193.598978,35792392544,3597829,3531734,66095,71148,48742,11414,-16834,27826,-5053,-6529,4468,-1326,-1666,1334026,1310395,23631,20380,3251,64992,17922,-11859,-6816,-5043,-19160,63754,105824,-42070,256.974,1479.13,3143.85,3247.93,3070.33,3230.78,72325540000,97.213,96.14,98.005,96.1,1.919,1.796,1.952,1.693,0.0818
2019-Nov,8397.198,9193.991989,9505.051676,6617.167051,7569.630122,29432489719,3406266,3398207,8059,16795,-15721,12922,10209,9385,-8736,-23876,15389,615,-864,1591507,1572433,19074,12966,6108,767,8861,-16118,-1643,-14475,65032,74660,92394,-17734,257.208,1470.79,3050.72,3154.26,3050.72,3140.98,72410620000,96.058,98.21,98.32,96.02,1.774,1.689,1.973,1.67,0.0513
2019-Oct,8405.318,8299.721105,10021.74398,7446.988551,9199.584833,21167946112,3377952,3373647,4305,32944,24772,20063,-5582,-6309,-28639,-41530,11826,-1005,2070,1673683,1641589,32094,24781,7313,9379,-20502,-19154,-16411,-2743,-54146,-65269,-31213,-34056,257.346,1494.81,2983.69,3050.1,2855.94,3037.56,77720640000,98.202,97.11,98.495,96.96,1.688,1.67,1.86,1.505,0.0117
2019-Sep,9823.235,9630.593196,10898.76218,7830.758761,8293.867741,17158194786,3557398,3547689,9709,50566,12798,19235,13691,4842,-40857,-52827,6785,1202,3983,1742390,1702990,39400,25001,14399,21919,11268,11730,16104,-4374,-56374,-23187,12817,-36005,256.759,1510.58,2909.01,3021.99,2891.85,2976.74,74178980000,97.154,99.035,99.305,96.885,1.668,1.508,1.908,1.429,0.1124
2019-Aug,10637.17,10077.44259,12273.82138,9421.63016,9630.663848,26583653947,3750243,3800096,-49853,-5980,12138,27295,-21964,-23449,-43873,-50530,3208,987,2462,1534313,1533450,863,-5448,6311,-73010,37623,31122,21748,9374,53508,18121,58740,-40619,256.558,1500.41,2980.32,3013.59,2822.12,2926.46,80269220000,99.021,98.795,99.33,97.735,1.499,2.025,2.061,1.443,-0.2531
2019-Jul,10669.29,10796.93062,13129.52893,9163.134644,10085.62775,17115474183,3364837,3296896,67941,80343,38766,23603,-1370,19344,-12402,-31915,16041,-1385,4857,1690569,1678622,11947,13903,-1956,58845,9761,12517,14001,-1484,-8755,59851,69674,-9823,256.571,1412.89,2971.41,3027.98,2952.22,2980.38,70599470000,98.86,98.365,98.97,96.98,2.007,2.045,2.15,1.939,0.0003
2019-Jun,9379.125,8573.839725,13796.48908,7564.488604,10817.1556,11454806419,3510363,3447125,63238,62705,4683,25530,9941,22551,533,-14605,12010,-678,3806,1566488,1531533,34955,13342,21613,79386,-13292,-20669,-9999,-10670,-55598,10496,7524,2972,256.143,1359.04,2751.53,2964.15,2728.81,2941.76,71250630000,98.258,95.775,98.445,95.775,2.007,2.126,2.178,1.974,-0.0593
2019-May,7257.178,5350.914506,9008.314568,5347.646106,8574.501649,16631520648,3653150,3656732,-3582,12117,-9789,12154,13795,-4043,-15699,-21848,2719,832,2598,1516310,1506961,9349,11003,-1654,-11547,285,-7288,2576,-9864,66905,55643,87589,-31947,256.092,1283.7,2952.33,2954.13,2750.52,2752.06,77250740000,95.666,97.7,97.72,95.365,2.133,2.509,2.578,2.126,-0.1479
2019-Apr,5162.093,4105.362421,5642.044593,4096.901255,5350.726697,27256473494,3081412,3053703,27709,48425,39425,14670,-5016,-654,-20716,-31029,10635,51,-373,1463268,1452776,10492,10730,-238,32335,-31254,-29665,-19007,-10658,-319,762,-2363,3125,255.548,1285.91,2848.63,2949.52,2848.63,2945.83,70090370000,97.666,97.23,98.26,96.81,2.504,2.43,2.614,2.424,0.0402
2019-Mar,3972.642,3853.757132,4296.80665,3733.749661,4105.404296,25365190957,3416252,3437708,-21456,-11840,5970,1637,5028,-24475,-9616,-12443,3102,-1111,836,1607322,1605243,2079,7050,-4971,-31210,70970,24553,25139,-586,2930,42690,59357,-16667,254.202,1300.9,2798.22,2860.31,2722.27,2834.4,79159660000,97.201,96.795,98.085,96.365,2.407,2.719,2.768,2.34,-0.1141
2019-Feb,3705.385,3460.547124,4210.641755,3391.023752,3854.785282,13878964574,3123170,3087727,35443,46827,30420,13093,12310,-8996,-11384,-17520,9375,-1568,-1671,1366164,1356451,9713,1373,8340,27248,-10262,7393,-1683,9076,-37766,-20780,-15809,-4972,252.776,1320.07,2702.32,2813.49,2681.83,2784.49,70638770000,96.845,96.165,97.665,95.17,2.717,2.645,2.74,2.624,0.0319
2019-Jan,3705.703,3746.713387,4109.021065,3400.819726,3457.792747,9045122443,3375902,3400659,-24757,-9402,5483,10058,7341,-32284,-15355,-26524,12873,-2432,728,1539899,1527343,12556,20958,-8402,-23741,-13857,-13181,-8054,-5127,-114584,-152182,-139100,-13082,251.712,1291.75,2476.96,2708.95,2443.96,2704.1,80859870000,96.043,95.29,97.23,95.11,2.633,2.686,2.799,2.543,-0.0198
2018-Dec,3726.958,4024.464242,4309.377312,3191.303562,3742.700335,8399767798,3038995,3126727,-87732,-65468,-49485,13020,-10003,-19000,-22264,-24288,2012,-808,820,1239209,1196199,43010,31097,11913,-56564,23747,3005,-331,3336,-54000,-86817,-66877,-19940,251.233,1250.4,2790.5,2800.18,2346.58,2506.85,84162180000,95.304,95.69,96.56,94.635,2.686,3.037,3.05,2.679,-0.1027
2018-Nov,5435.734,6318.14,6552.16,3585.06,4017.268457,5831198271,3296545,3299512,-2967,25647,20083,14353,-3840,-4949,-28614,-33287,5199,189,-715,1550240,1514709,35531,26256,9275,20442,31381,19833,14676,5157,-31309,20514,34540,-14026,252.038,1220.65,2717.58,2815.15,2631.09,2760.17,80620020000,95.735,97.055,97.705,95.585,2.993,3.155,3.25,2.988,-0.0495
2018-Oct,6493.259,6619.85,6965.06,6236.47,6317.61,4661840806,3707084,3713649,-6565,29618,44366,6891,4340,-25979,-36183,-42646,4698,-2026,3791,1588903,1550423,38480,32617,5863,19010,14065,8261,18301,-10040,40657,73732,109611,-35879,252.885,1215.39,2926.29,2939.86,2603.54,2711.74,91930980000,97.196,96.885,97.53,95.485,3.149,3.067,3.261,3.046,0.0275
2018-Sep,6615.916,7044.81,7388.43,6197.52,6625.56,6048016717,2682921,2675462,7459,21044,4138,19568,6382,-9044,-13585,-15677,10281,-320,-7869,1348427,1325051,23376,23170,206,17443,-15527,-36039,-23439,-12600,-26759,-24843,28669,-53512,252.439,1198.39,2896.96,2940.91,2864.12,2913.98,63031510000,96.901,94.71,96.98,94.47,3.065,2.86,3.113,2.855,0.0715
2018-Aug,6713.498,7769.04,7769.04,5971.05,7037.58,4191240000,2940084,2862989,77095,69926,55237,14403,14923,-14637,7169,7894,1601,-8,-2318,1466422,1411874,54548,56019,-1471,117008,7952,-7789,2537,-10326,-49044,75916,62730,13186,252.146,1201.71,2821.17,2916.5,2796.34,2901.52,69523070000,94.737,95.115,95.68,93.395,2.86,2.958,3.016,2.808,-0.0342
2018-Jul,7122.224,6411.680176,8424.269531,6136.419922,7780.44,4002280000,2734323,2699867,34456,47787,41711,13417,7063,-14404,-13331,-22773,10196,-1070,316,1338486,1304313,34173,32853,1320,50782,4121,8658,5370,3288,-5745,49158,62412,-13254,252.006,1237.71,2704.95,2848.03,2698.95,2816.29,64898300000,95.083,94.355,96.865,94.29,2.962,2.858,2.99,2.807,0.0355
2018-Jun,6805.899,7500.700195,7754.890137,5826.410156,6404,4495650000,2893493,2939048,-45555,-43578,-40251,13094,9758,-26179,-1977,-8322,6791,423,-869,1401436,1392387,9049,15407,-6358,-51300,266896,9270,19244,-9974,-20150,195446,219274,-23829,251.989,1281.57,2718.7,2791.47,2691.99,2718.37,77891360000,94.275,94.3,95.44,93.44,2.86,2.862,3.01,2.822,0
2018-May,8469.655,9251.469727,9964.5,7090.680176,7494.169922,5287530000,3115292,3092761,22531,33460,50502,1689,9117,-27848,-10929,-23803,13531,-1861,1204,1428734,1403676,25058,26081,-1023,33084,32465,29600,6479,23121,4959,70508,52297,18211,251.588,1303.45,2642.96,2742.24,2594.62,2705.27,76011820000,94.349,93.96,95.255,93.18,2.86,2.959,3.128,2.759,-0.032
2018-Apr,7998.431,7003.060059,9745.320313,6526.870117,9240.549805,4543860224,2834844,2812248,22596,66061,43479,14024,3030,5528,-43465,-48255,5696,-1440,534,1471684,1400341,71343,38561,32782,177112,9261,-5273,-9847,4574,54445,240818,259924,-19106,250.546,1334.76,2633.45,2717.49,2553.8,2648.05,70194700000,93.959,91.62,94.975,91.595,2.955,2.759,3.035,2.717,0.0782
2018-Mar,9078.509,10385,11704.09961,6683.930176,6973.529785,5127130112,2964255,2943108,21147,-14767,-23312,7032,20755,-19242,35914,18389,18245,1615,-2335,1475513,1431856,43657,37779,5878,51240,-17162,-10405,4898,-15303,-92007,-57929,-66157,8228,249.554,1324.66,2715.22,2801.9,2585.89,2640.87,76803890000,91.63,89.68,91.79,88.945,2.741,2.866,2.936,2.739,-0.0431
2018-Feb,9449.414,10237.2998,11958.5,6048.259766,10397.90039,8673920000,3303018,3245404,57614,31316,24127,5545,2021,-377,26298,19059,6276,1512,-549,1331709,1340284,-8575,-3068,-5507,35685,48830,16781,7902,8879,-30618,53897,27647,26250,248.991,1330.73,2816.45,2835.96,2532.69,2713.83,79933970000,89.812,90.655,90.885,88.53,2.864,2.724,2.957,2.648,0.0559
2018-Jan,13096.25,14112.2002,17712.40039,9402.290039,10221.09961,4553269760,2990826,2928426,62400,61545,13565,17116,-2580,33444,855,-5215,5406,-288,952,1486546,1487547,-1001,7997,-8998,46676,18452,7633,-169,7802,70120,135248,92709,42539,247.867,1331.3,2683.73,2872.87,2682.36,2823.81,77318690000,90.551,88.935,90.65,88.15,2.713,2.429,2.754,2.416,0.1277
2017-Dec,15179.18,10198.59961,20089,9694.650391,14156.40039,6936189952,2638404,2607400,31004,38965,-9906,12124,-301,37048,-7961,-6054,4318,-960,-5265,1069640,1077431,-7791,1361,-9152,7543,90556,-7522,14823,-22345,-110812,-12713,30936,-43649,246.524,1264.45,2645.1,2694.97,2605.52,2673.61,65531700000,88.954,91.895,92.36,88.255,2.405,2.411,2.504,2.314,-0.004
2017-Nov,7765.502,6440.970215,11517.40039,5519.009766,10233.59961,8041160192,2761419,2726712,34707,33699,-12092,5148,28734,11909,1008,-6733,7119,-95,717,1317143,1294473,22670,21227,1443,40903,-2544,-111,-7522,7411,-11025,27334,36944,-9610,246.669,1281.9,2583.21,2657.74,2557.45,2647.58,73416960000,91.826,92.905,94.21,91.805,2.415,2.379,2.437,2.304,0.0158
2017-Oct,5319.503,4341.049805,6470.430176,4164.049805,6468.399902,12136299520,2706579,2696114,10465,28516,-2058,6546,10651,13377,-18051,-20206,3425,-204,-1066,1293275,1277537,15738,27765,-12027,7320,41541,28638,21658,6980,95980,144841,143242,1599,246.663,1279.51,2521.2,2582.98,2520.4,2575.26,71088550000,93.002,94.415,95.07,92.43,2.378,2.344,2.477,2.273,0.0165
2017-Sep,4065.663,4701.759766,4975.040039,2946.620117,4338.709961,8310689792,2590968,2528635,62333,61041,13134,9062,15631,23214,1292,-399,-177,-1176,3044,1362945,1342849,20096,24162,-4066,60004,9660,8432,7344,1088,-109010,-39346,-21048,-18298,246.819,1314.07,2474.42,2519.44,2446.55,2519.36,66624120000,94.429,92.965,95.06,92.59,2.339,2.127,2.359,2.016,0.103
2017-Aug,3843.354,2871.300049,4736.049805,2668.590088,4703.390137,2311379968,2666099,2625503,40596,40380,19694,8167,16692,-4173,216,-2217,1069,2532,-1168,1168250,1135651,32599,32244,355,56932,-34798,-5962,508,-6470,102277,124411,124127,284,245.519,1283.04,2477.1,2490.87,2417.35,2471.65,70784900000,92.883,92.6,93.495,90.99,2.121,2.303,2.321,2.086,-0.0764
2017-Jul,2514.551,2492.600098,2916.139893,1843.030029,2875.340088,1207449984,2322532,2321795,737,12382,15448,5865,2722,-11653,-11645,-15938,4424,205,-336,1100156,1103988,-3832,11681,-15513,-20019,13535,6662,6021,641,28481,21997,24397,-2400,244.786,1236.84,2431.39,2484.04,2407.7,2470.3,63348090000,92.628,92.805,94.055,91.55,2.296,2.314,2.398,2.225,-0.0033
2017-Jun,2629.26,2288.330078,2999.909912,2212.959961,2480.840088,1944930048,2875287,2840024,35263,25233,11103,16514,3527,-5911,10030,8629,682,-720,1439,1231431,1232305,-874,14347,-15221,16214,32734,-11005,-11539,534,-6110,42838,25821,17017,244.955,1260.26,2415.65,2453.82,2405.7,2423.41,81078810000,92.718,95.405,96.255,92.635,2.304,2.213,2.309,2.103,0.0441
2017-May,1885.489,1348.300049,2763.709961,1348.300049,2286.409912,860574976,2954733,2859228,95505,117624,82292,10479,24614,239,-22119,-35925,11865,1453,488,1191244,1194824,-3580,10076,-13656,74945,27455,19199,16425,2774,-51762,50638,72663,-22025,244.733,1246.04,2388.5,2418.71,2352.72,2411.8,79719460000,95.421,96.955,97.555,95.225,2.206,2.282,2.423,2.181,-0.0362
2017-Apr,1202.244,1071.709961,1347.910034,1061.089966,1347.890015,860273024,2163762,2159961,3801,6240,-14550,1463,7782,11545,-2439,-7978,2760,-8,2787,948498,942644,5854,28222,-22368,-3798,14708,-4374,-13045,8671,56083,66993,69534,-2541,244.524,1266.88,2362.34,2398.16,2328.95,2384.2,65369860000,96.854,98.93,99.765,96.7,2.289,2.396,2.405,2.165,-0.0419
2017-Mar,1131.084,1180.040039,1280.310059,903.7130127,1071.790039,1544829952,2934640,2899112,35528,41407,31408,-548,6713,3834,-5879,-7023,-532,2013,-337,1161955,1129941,32014,35241,-3227,54174,2970,12586,-3732,16318,-43783,13361,20992,-7631,243.801,1231.42,2380.13,2400.98,2322.25,2362.72,81664010000,98.898,100.405,101.265,98.565,2.389,2.415,2.629,2.348,-0.0033
2017-Feb,1058.019,970.940979,1200.390015,946.690979,1179.969971,413115008,2486817,2448546,38271,42865,-1456,6683,17932,19706,-4594,-12019,6052,-345,1718,951436,930897,20539,26623,-6084,17740,-13605,-12234,-13472,1238,20027,24162,28236,-4074,243.603,1234.2,2285.59,2371.54,2271.65,2363.64,69260940000,100.218,101.475,102.27,98.67,2.397,2.461,2.524,2.31,-0.0279
2017-Jan,913.5623,963.65802,1191.099976,755.7559814,970.4030151,447287008,2400436,2383293,17143,62128,36325,11516,-4888,19175,-44985,-43499,1036,-1031,-1491,915038,921567,-6529,239,-6768,-4596,7958,-35,-2738,2703,109854,113217,138155,-24939,242.839,1192.1,2251.57,2300.99,2245.13,2278.87,70576420000,101.129,99.58,101.75,99.195,2.466,2.439,2.555,2.305,0.0081
2016-Dec,823.9391,746.0460205,979.3969727,746.0460205,963.742981,184956000,2341063,2354212,-13149,-30471,-40288,11508,5656,-7347,17322,17785,1149,-1105,-507,834798,830793,4005,19280,-15275,-27271,18925,6231,4098,2133,-89497,-97843,-112831,14988,241.432,1157.36,2200.17,2277.53,2187.44,2238.83,75344550000,99.481,102.815,103.815,99.4,2.446,2.397,2.641,2.34,0.0235
2016-Nov,725.4694,701.3369751,756.2369995,678.1560059,745.690979,164582000,2800964,2780477,20487,20431,2245,12690,8322,-2826,56,-1927,2961,-1046,68,931681,911348,20333,17020,3313,20642,-13457,-27,-471,444,19566,26751,21766,4985,241.353,1238.35,2128.68,2214.1,2083.79,2198.81,88445380000,102.286,101.56,103.625,99.49,2.39,1.838,2.417,1.716,0.3092
2016-Oct,642.176,609.9290161,720.4019775,609.4790039,700.9719849,99135104,2388199,2398243,-10044,28739,-13329,14201,6197,21670,-38783,-46439,7859,-1087,884,860015,841730,18285,20582,-2297,-15737,-19393,-36125,-39102,2977,50730,15600,48226,-32626,241.729,1266.55,2164.33,2169.6,2114.72,2126.15,72915530000,101.539,98.39,102.12,95.905,1.826,1.6,1.879,1.593,0.1424
2016-Sep,605.1691,575.5460205,628.8179932,570.8109741,609.7349854,84070800,2414405,2465801,-51396,-12555,-32124,19166,1841,-1438,-38841,-42205,4757,-985,-408,904156,881372,22784,22370,414,-66632,28937,9235,-10107,19342,-109142,-146837,-116922,-29915,241.428,1326.61,2171.33,2187.87,2119.12,2168.27,77023620000,98.422,95.435,99.09,95.39,1.598,1.58,1.752,1.519,0.0124
2016-Aug,580.3854,624.6019897,626.1190186,531.3339844,575.4719849,97064400,2552556,2528525,24031,63840,19273,22457,18529,3581,-39809,-42058,1534,1187,-472,790709,770521,20188,20082,106,24257,20850,7041,10817,-3776,-20967,24140,56386,-32246,240.849,1340.17,2173.15,2193.81,2147.58,2170.95,75610310000,95.385,96.015,96.305,94.44,1.578,1.463,1.635,1.463,0.0887
2016-Jul,661.7742,672.5150146,704.9680176,611.8339844,624.6810303,56122400,2273827,2208883,64944,82843,15404,26920,17427,23092,-17899,-28154,6528,-1087,4814,820243,786461,33782,32093,1689,80615,-10268,-5644,-9683,4039,40973,111320,130294,-18974,240.628,1336.66,2099.34,2177.09,2074.02,2173.6,69530250000,96.012,95.49,96.5,94.05,1.45,1.471,1.628,1.321,-0.017
2016-Jun,639.7912,531.1069946,777.9899902,525.6359863,673.3369751,75840896,2538275,2539913,-1638,27237,6924,21790,7593,-9070,-28875,-33677,3094,462,1246,813511,821474,-7963,1662,-9625,-48741,13836,-4380,4663,-9043,-149781,-184686,-151282,-33404,241.018,1276.4,2093.94,2120.55,1991.68,2098.86,86852700000,95.491,95.955,97.62,95.335,1.475,1.844,1.856,1.406,-0.2033
2016-May,460.7732,448.4840088,553.960022,437.3890076,531.3859863,110818000,2497905,2481567,16338,37230,3334,26300,18922,-11326,-20892,-23198,525,650,1131,793663,764227,29436,27212,2224,20742,-9275,-7845,-4540,-3305,-26261,-14794,3370,-18164,240.229,1260.95,2067.17,2103.48,2025.91,2096.95,78883600000,96.203,95.8,96.865,93.025,1.851,1.83,1.89,1.7,0.0088
2016-Apr,433.8057,416.7600098,467.9649963,415.8309937,448.3179932,138980000,2211700,2257466,-45766,-37545,-62901,25077,2318,-2039,-8221,-10999,3191,-1640,1227,898690,912437,-13747,3761,-17508,-85473,-14368,-26227,-8061,-18166,193160,93319,118053,-24734,239.261,1242.26,2056.62,2111.05,2033.8,2065.3,81124990000,95.878,92.995,95.96,91.88,1.835,1.784,1.941,1.685,0.0365
2016-Mar,416.7864,437.9169922,439.6530151,394.0350037,416.7290039,138450000,2539210,2473939,65271,83513,42728,28356,26044,-13615,-18242,-16292,1130,-516,-2564,922065,909229,12836,23095,-10259,63368,3016,9134,25054,-15920,-163571,-97187,-57178,-40009,238.132,1245.14,1937.09,2072.21,1937.09,2059.74,92639420000,93.054,94.62,95.21,92.975,1.77,1.737,2.002,1.702,0.0185
2016-Feb,403.3317,369.3500061,448.04599,367.9570007,437.696991,69322600,2741656,2714769,26887,67085,57604,12185,12703,-15407,-40198,-47200,6324,-534,1212,798317,756106,42211,43881,-1670,38097,-6648,-2954,7717,-10671,-19041,12408,36559,-24151,237.111,1199.5,1936.94,1962.96,1810.1,1932.23,93049560000,94.578,98.205,98.595,94.295,1.738,1.933,1.966,1.53,-0.0959
2016-Jan,411.487,430.7210083,462.9339905,354.9140015,368.7669983,60215200,2332801,2370793,-37992,18313,6863,4482,4489,2479,-56305,-57161,1743,372,-1259,756507,735594,20913,27707,-6794,-54566,674,-4303,2736,-7039,163607,109715,160402,-50687,236.916,1097.91,2038.2,2038.2,1812.29,1940.24,92409770000,98.219,99.7,99.75,95.28,1.923,2.293,2.293,1.911,-0.1528
2015-Dec,423.0278,377.4140015,469.1029968,349.4649963,430.5669861,60694700,2188066,2231457,-43391,7962,12194,733,4469,-9434,-51353,-48099,1020,54,-4328,746153,731819,14334,19080,-4746,-42258,71172,54123,43855,10268,-102924,-74010,-46628,-27382,236.525,1075.74,2082.93,2104.27,1993.26,2043.94,83649260000,99.652,98.76,99.95,98.11,2.269,2.217,2.358,2.12,0.0279
2015-Nov,348.3472,315.0050049,495.5620117,300.9970093,377.3210144,37894300,2370543,2326254,44289,44441,37480,10222,6874,-10135,-152,892,3714,-1820,-2938,803225,812872,-9647,-11304,1657,19464,52319,51765,32625,19140,-60987,10796,-4481,15278,237.336,1086.44,2080.76,2116.48,2019.39,2080.41,75943590000,98.745,100.25,100.6,97.21,2.208,2.137,2.377,2.13,0.0289
2015-Oct,263.8482,236.0039978,334.1690063,235.6159973,314.1659851,45996600,2419330,2465116,-45786,-28024,-38130,9399,13017,-12310,-17762,-17023,667,-913,-493,938885,907573,31312,36102,-4790,-28116,-34470,-48301,-27521,-20780,144240,81654,111350,-29696,237.838,1159.25,1919.65,2094.32,1893.7,2079.36,85844900000,100.21,96.815,100.36,96.71,2.146,2.042,2.183,1.904,0.0544
2015-Sep,233.8498,230.2559967,259.1820068,225.1170044,236.0599976,71701600,2522788,2517341,5447,30745,34591,4372,18344,-26562,-25298,-17234,249,-2704,-5609,846931,822737,24194,34841,-10647,14099,-36510,-34812,-7181,-27631,-172211,-194622,-157413,-37209,237.945,1124.77,1970.09,2020.86,1871.91,1920.03,79989370000,97.019,96.4,97.895,93.83,2.035,2.214,2.303,2.035,-0.081
2015-Aug,251.8207,284.6860046,285.7149963,199.5670013,230.0559998,48598100,2611568,2639654,-28086,13457,6137,11518,9705,-13903,-41543,-41103,-1784,-197,1541,824414,782057,42357,42473,-116,-154,2957,7037,10525,-3488,-10229,-7426,28453,-35879,238.316,1117.93,2104.49,2112.66,1867.01,1972.18,84626790000,96.48,95.89,96.88,94.195,2.214,2.2,2.293,1.905,0.0124
2015-Jul,279.3289,263.3450012,314.3940125,253.5050049,284.6499939,19743500,2706295,2699241,7054,25515,-7264,7697,18448,6634,-18461,-21453,2690,567,-265,1015854,1012501,3353,20439,-17086,-5404,-12289,-6359,2764,-9123,162932,145239,160125,-14886,238.654,1128.31,2067,2132.82,2044.02,2103.84,77920590000,95.854,97.305,98.425,92.52,2.187,2.373,2.47,2.176,-0.0691
2015-Jun,237.5446,230.2330017,267.8670044,221.2960052,263.071991,20710700,2724740,2635395,89345,94733,82897,17980,16023,-22167,-5388,-10887,7627,-2152,24,1032598,1016646,15952,29369,-13417,88819,-6402,-6,8656,-8662,-209978,-127561,-92883,-34678,238.638,1181.5,2108.64,2129.87,2056.32,2063.11,73213980000,97.439,95.795,98.31,95.555,2.349,2.128,2.5,2.106,0.1066
2015-May,237.1653,235.9389954,247.8040009,228.572998,230.1900024,23629100,2421621,2338839,82782,79131,57962,9992,21534,-10357,3651,-4604,4949,2843,463,948045,934376,13669,24930,-11261,80645,3786,11839,2491,9348,43178,127609,125594,2016,237.805,1198.63,2087.38,2134.72,2067.93,2107.39,65187730000,95.661,96.99,97.76,93.3,2.123,2.049,2.366,2.046,0.0432
2015-Apr,235.4728,244.2230072,261.7980042,214.8739929,236.1450043,44533800,2267418,2221999,45419,66946,30617,24134,4633,7562,-21527,-24176,6084,-311,-3124,972165,959517,12648,33375,-20727,40407,-2123,-12845,-15970,3125,73161,111445,121729,-10284,236.599,1198.93,2067.63,2125.92,2048.38,2085.51,72060940000,96.986,94.94,97.88,93.155,2.035,1.93,2.11,1.802,0.0564
2015-Mar,269.0765,254.2830048,300.0440063,236.5149994,244.223999,14730800,2752983,2742977,10006,27924,31681,13258,9378,-26393,-17918,-23644,4158,2120,-552,964957,970088,-5131,7243,-12374,-44965,12479,21549,8472,13077,-125194,-157681,-151467,-6213,236.119,1178.63,2105.23,2117.52,2039.69,2067.89,76675850000,94.714,98.73,100.27,94.47,1.927,2.005,2.259,1.852,-0.035
2015-Feb,233.7392,216.8670044,265.6109924,212.0149994,254.2630005,33818600,2527698,2514740,12958,23202,4984,8006,10141,71,-10244,-11133,930,-816,775,793373,786640,6733,14071,-7338,5914,25480,19915,8599,11316,-91,31303,12565,18738,234.722,1227.08,1996.67,2119.59,1980.9,2104.5,68775560000,98.661,95.375,100.38,94.765,1.997,1.653,2.164,1.649,0.2181
2015-Jan,250.6174,320.4349976,320.4349976,171.5099945,217.4640045,22672000,2392560,2416155,-23595,-11591,-42613,6173,6604,18245,-12004,-12374,2935,-891,-1674,840430,827760,12670,25869,-13199,-97420,8746,-10815,-15586,4771,118800,30126,-8570,38696,233.707,1250.75,2058.9,2072.36,1988.12,1994.99,77330040000,95.321,94.905,95.44,93.385,1.639,2.2,2.213,1.637,-0.2448
2014-Dec,342.0989,378.2489929,384.0379944,304.2319946,320.1929932,13949300,2448820,2451164,-2344,17581,1476,5254,6237,4614,-19925,-17078,-4023,882,294,753560,711967,41593,37287,4306,37715,-7940,24798,31475,-6677,-196370,-166595,-151812,-14783,234.812,1200.62,2065.78,2093.55,1972.56,2058.9,80743820000,94.998,90.81,95.85,90.8,2.17,2.178,2.347,2.009,-0.0012
2014-Nov,366.1715,338.6499939,457.0929871,320.6260071,378.0469971,23348200,2076252,2016889,59363,53128,2714,18726,25660,6028,6235,-7547,14564,-525,-257,680118,705803,-25685,3594,-29279,21974,6019,8825,3939,4886,-24789,3204,2873,332,236.151,1175.33,2018.21,2075.76,2001.01,2067.56,63600190000,90.647,88.37,90.665,87.805,2.173,2.309,2.407,2.166,-0.0696
2014-Oct,364.7669,387.427002,411.697998,289.29599,338.3210144,13942900,2807884,2822841,-14957,-15431,3053,2236,6339,-27059,474,-2514,1614,1556,-182,856884,843280,13604,27574,-13970,-13849,24513,23952,12299,11653,172904,183568,166894,16674,237.433,1222.49,1971.44,2018.19,1820.66,2018.05,93714040000,88.413,87.13,88.515,86.975,2.335,2.5,2.508,1.865,-0.064
